Username,Password
Ola,1234a
Ola,1742909740,111.6
Ola,1742909741,113.9
Ola,1742909742,118.3
Ola,1742909743,110.3
Ola,1742909744,116.1
Ola,1742909745,117.5
Ola,1742909746,115.3
Ola,1742909747,114.5
Ola,1742909748,116.5
Ola,1742909749,119.8
Ola,1742909750,118.7
Ola,1742909751,119.1
Ola,1742909752,114.9
Ola,1742909753,112.4
Ola,1742909754,118.0
Ola,1742909755,112.6
Ola,1742909756,112.5
Ola,1742909757,110.6
Ola,1742909758,112.2
Ola,1742909759,114.5
Ola,1742909740,102.0
Ola,1742909741,103.5
Ola,1742909742,102.3
Ola,1742909743,108.0
Ola,1742909744,107.4
Ola,1742909745,107.2
Ola,1742909746,99.4
Ola,1742909747,102.2
Ola,1742909748,104.4
Ola,1742909749,98.7
Ola,1742909750,103.0
Ola,1742909751,103.2
Ola,1742909752,99.9
Ola,1742909753,100.3
Ola,1742909754,106.4
Ola,1742909755,103.0
Ola,1742909756,106.0
Ola,1742909757,99.7
Ola,1742909758,106.5
Ola,1742909759,104.4
Test1,1234b
Test1,1742939577,63.0
Test1,1742939578,62.8
Test1,1742939579,66.6
Test1,1742939580,63.7
Test1,1742939581,66.7
Test1,1742939582,62.8
Test1,1742939583,68.6
Test1,1742939584,64.5
Test1,1742939585,63.1
Test1,1742939586,64.3
Test1,1742939587,58.9
Test1,1742939588,61.7
Test1,1742939589,62.7
Test1,1742939590,66.5
Test1,1742939591,59.6
Test1,1742939592,60.3
Test1,1742939593,65.0
Test1,1742939594,62.8
Test1,1742939595,61.5
Test1,1742939596,67.5
Test1,1742939577,64.9
Test1,1742939578,64.3
Test1,1742939579,64.8
Test1,1742939580,60.4
Test1,1742939581,66.5
Test1,1742939582,58.8
Test1,1742939583,63.1
Test1,1742939584,66.9
Test1,1742939585,58.8
Test1,1742939586,64.3
Test1,1742939587,68.0
Test1,1742939588,64.6
Test1,1742939589,66.1
Test1,1742939590,62.2
Test1,1742939591,68.0
Test1,1742939592,63.5
Test1,1742939593,67.5
Test1,1742939594,67.2
Test1,1742939595,64.8
Test1,1742939596,65.9
Test2,1234c
Test2,1742939671,82.9
Test2,1742939672,80.5
Test2,1742939673,84.7
Test2,1742939674,83.8
Test2,1742939675,81.2
Test2,1742939676,76.1
Test2,1742939677,77.9
Test2,1742939678,80.6
Test2,1742939679,79.2
Test2,1742939680,83.7
Test2,1742939681,83.8
Test2,1742939682,78.0
Test2,1742939683,75.2
Test2,1742939684,84.0
Test2,1742939685,81.2
Test2,1742939686,77.9
Test2,1742939687,77.4
Test2,1742939688,76.2
Test2,1742939689,76.5
Test2,1742939690,77.5
Test2,1742939671,91.4
Test2,1742939672,94.5
Test2,1742939673,90.2
Test2,1742939674,94.6
Test2,1742939675,98.8
Test2,1742939676,89.1
Test2,1742939677,93.6
Test2,1742939678,95.7
Test2,1742939679,90.9
Test2,1742939680,90.3
Test2,1742939681,94.5
Test2,1742939682,97.6
Test2,1742939683,93.1
Test2,1742939684,92.4
Test2,1742939685,93.6
Test2,1742939686,97.9
Test2,1742939687,98.7
Test2,1742939688,93.4
Test2,1742939689,89.5
Test2,1742939690,89.7
FinalTest,1234f
FinalTest,1742951147,69.9
FinalTest,1742951148,67.8
FinalTest,1742951149,67.7
FinalTest,1742951150,67.1
FinalTest,1742951151,67.4
FinalTest,1742951152,65.8
FinalTest,1742951153,71.7
FinalTest,1742951154,66.2
FinalTest,1742951155,71.1
FinalTest,1742951156,73.0
FinalTest,1742951157,74.2
FinalTest,1742951158,69.1
FinalTest,1742951159,66.6
FinalTest,1742951160,69.5
FinalTest,1742951161,70.5
FinalTest,1742951162,71.8
FinalTest,1742951163,70.6
FinalTest,1742951164,74.1
FinalTest,1742951165,72.9
FinalTest,1742951166,71.1
FinalTest,1742951147,71.5
FinalTest,1742951148,71.2
FinalTest,1742951149,69.0
FinalTest,1742951150,71.6
FinalTest,1742951151,75.1
FinalTest,1742951152,77.2
FinalTest,1742951153,75.1
FinalTest,1742951154,76.5
FinalTest,1742951155,73.8
FinalTest,1742951156,78.2
FinalTest,1742951157,72.2
FinalTest,1742951158,72.3
FinalTest,1742951159,69.0
FinalTest,1742951160,74.1
FinalTest,1742951161,76.5
FinalTest,1742951162,78.5
FinalTest,1742951163,70.0
FinalTest,1742951164,77.7
FinalTest,1742951165,77.1
FinalTest,1742951166,69.9
Test11,123
Test11,1742955340,86.9
Test11,1742955341,89.7
Test11,1742955342,82.7
Test11,1742955343,83.2
Test11,1742955344,84.5
Test11,1742955345,79.9
Test11,1742955346,88.9
Test11,1742955347,81.5
Test11,1742955348,83.4
Test11,1742955349,81.4
Test11,1742955350,85.4
Test11,1742955351,88.0
Test11,1742955352,89.5
Test11,1742955353,87.3
Test11,1742955354,89.4
Test11,1742955355,84.1
Test11,1742955356,81.0
Test11,1742955357,80.8
Test11,1742955358,82.2
Test11,1742955359,87.3
Test11,1742955340,84.8
Test11,1742955341,88.8
Test11,1742955342,82.9
Test11,1742955343,81.5
Test11,1742955344,88.1
Test11,1742955345,84.0
Test11,1742955346,89.0
Test11,1742955347,88.9
Test11,1742955348,88.5
Test11,1742955349,80.7
Test11,1742955350,81.9
Test11,1742955351,89.9
Test11,1742955352,82.2
Test11,1742955353,83.3
Test11,1742955354,88.2
Test11,1742955355,82.3
Test11,1742955356,87.5
Test11,1742955357,86.3
Test11,1742955358,84.0
Test11,1742955359,87.4
111,1234
Test3,1234a
Test3,1743084480,108.6
Test3,1743084481,104.8
Test3,1743084482,109.1
Test3,1743084483,113.5
Test3,1743084484,107.3
Test3,1743084485,106.7
Test3,1743084486,104.3
Test3,1743084487,108.9
Test3,1743084488,105.7
Test3,1743084489,103.8
Test3,1743084490,108.4
Test3,1743084491,107.8
Test3,1743084492,106.5
Test3,1743084493,113.2
Test3,1743084494,111.4
Test3,1743084495,106.2
Test3,1743084496,110.0
Test3,1743084497,111.5
Test3,1743084498,109.1
Test3,1743084499,108.5
Test3,1743084480,99.2
Test3,1743084481,94.1
Test3,1743084482,101.1
Test3,1743084483,95.0
Test3,1743084484,94.8
Test3,1743084485,95.0
Test3,1743084486,98.9
Test3,1743084487,96.4
Test3,1743084488,92.3
Test3,1743084489,97.8
Test3,1743084490,97.7
Test3,1743084491,101.3
Test3,1743084492,93.5
Test3,1743084493,98.7
Test3,1743084494,92.0
Test3,1743084495,96.3
Test3,1743084496,95.5
Test3,1743084497,91.6
Test3,1743084498,94.9
Test3,1743084499,92.4
finalTesting,1234a
finalTesting,1743204189,91.6
finalTesting,1743204190,89.1
finalTesting,1743204191,90.3
finalTesting,1743204192,96.7
finalTesting,1743204193,87.7
finalTesting,1743204194,89.8
finalTesting,1743204195,88.5
finalTesting,1743204196,94.9
finalTesting,1743204197,95.1
finalTesting,1743204198,97.0
finalTesting,1743204199,90.2
finalTesting,1743204200,90.5
finalTesting,1743204201,90.8
finalTesting,1743204202,97.0
finalTesting,1743204203,95.8
finalTesting,1743204204,95.5
finalTesting,1743204205,87.4
finalTesting,1743204206,91.0
finalTesting,1743204207,90.3
finalTesting,1743204208,92.1
finalTesting,1743204189,82.6
finalTesting,1743204190,83.6
finalTesting,1743204191,83.6
finalTesting,1743204192,81.4
finalTesting,1743204193,87.7
finalTesting,1743204194,84.1
finalTesting,1743204195,83.6
finalTesting,1743204196,86.5
finalTesting,1743204197,87.0
finalTesting,1743204198,83.8
finalTesting,1743204199,88.4
finalTesting,1743204200,83.1
finalTesting,1743204201,86.8
finalTesting,1743204202,85.2
finalTesting,1743204203,82.9
finalTesting,1743204204,84.2
finalTesting,1743204205,85.7
finalTesting,1743204206,82.5
finalTesting,1743204207,85.3
finalTesting,1743204208,84.0
User12,1234a
User12,1743205181,113.2
User12,1743205182,113.3
User12,1743205183,113.2
User12,1743205184,114.1
User12,1743205185,110.0
User12,1743205186,106.9
User12,1743205187,107.9
User12,1743205188,110.3
User12,1743205189,115.6
User12,1743205190,106.2
User12,1743205191,116.0
User12,1743205192,113.9
User12,1743205193,108.5
User12,1743205194,109.8
User12,1743205195,113.1
User12,1743205196,114.1
User12,1743205197,110.4
User12,1743205198,113.0
User12,1743205199,107.8
User12,1743205200,110.4
User12,1743205181,114.5
User12,1743205182,108.7
User12,1743205183,117.3
User12,1743205184,112.8
User12,1743205185,110.0
User12,1743205186,114.0
User12,1743205187,107.8
User12,1743205188,109.8
User12,1743205189,111.5
User12,1743205190,111.3
User12,1743205191,112.0
User12,1743205192,113.4
User12,1743205193,112.8
User12,1743205194,115.4
User12,1743205195,117.0
User12,1743205196,108.6
User12,1743205197,108.2
User12,1743205198,111.0
User12,1743205199,115.3
User12,1743205200,109.6
User13,1234a
User13,1743205303,86.6
User13,1743205304,85.7
User13,1743205305,81.3
User13,1743205306,80.3
User13,1743205307,85.7
User13,1743205308,80.7
User13,1743205309,80.5
User13,1743205310,82.8
User13,1743205311,80.5
User13,1743205312,80.4
User13,1743205313,82.7
User13,1743205314,87.3
User13,1743205315,83.3
User13,1743205316,80.7
User13,1743205317,88.7
User13,1743205318,80.9
User13,1743205319,81.6
User13,1743205320,87.0
User13,1743205321,85.3
User13,1743205322,85.0
User13,1743205303,86.4
User13,1743205304,87.6
User13,1743205305,89.9
User13,1743205306,90.1
User13,1743205307,83.3
User13,1743205308,85.4
User13,1743205309,85.2
User13,1743205310,87.4
User13,1743205311,83.5
User13,1743205312,88.4
User13,1743205313,84.4
User13,1743205314,85.9
User13,1743205315,82.5
User13,1743205316,83.2
User13,1743205317,92.2
User13,1743205318,82.9
User13,1743205319,91.2
User13,1743205320,86.8
User13,1743205321,87.2
User13,1743205322,85.8
User14,1234a
User14,1743205325,58.3
User14,1743205326,62.2
User14,1743205327,62.1
User14,1743205328,67.1
User14,1743205329,59.5
User14,1743205330,59.2
User14,1743205331,62.6
User14,1743205332,60.4
User14,1743205333,58.2
User14,1743205334,66.4
User14,1743205335,62.1
User14,1743205336,65.2
User14,1743205337,61.6
User14,1743205338,65.0
User14,1743205339,67.7
User14,1743205340,63.3
User14,1743205341,65.0
User14,1743205342,64.2
User14,1743205343,59.4
User14,1743205344,62.8
User14,1743205325,74.3
User14,1743205326,65.6
User14,1743205327,70.2
User14,1743205328,71.7
User14,1743205329,67.3
User14,1743205330,73.5
User14,1743205331,72.5
User14,1743205332,68.9
User14,1743205333,73.9
User14,1743205334,73.4
User14,1743205335,72.2
User14,1743205336,73.1
User14,1743205337,66.9
User14,1743205338,66.8
User14,1743205339,74.5
User14,1743205340,74.3
User14,1743205341,71.3
User14,1743205342,69.7
User14,1743205343,67.1
User14,1743205344,66.7
